Time,gtPos,gtVel,cmdPos,cmdVel,cmdJerk
5.112051963806152344e-02,3.292560722911730409e-05,-7.690991920283813954e-01,1.489272896443502248e+00,-7.187680763057251454e-01,1.570794582366943359e+00,2.104020131810102612e-05,0.000000000000000000e+00,1.127591431140899658e-01,-3.662324277684092522e-03,-1.058085709810256958e-01,0.000000000000000000e+00,0.000000000000000000e+00,2.825320370902772993e-05,-7.708804011344909668e-01,1.489380598068237305e+00,-7.169052362442016602e-01,1.570796608924865723e+00,-6.699592347558791516e-08,1.325570628978312016e-03,1.198266148567199707e-01,-1.524724159389734268e-02,-1.142420619726181030e-01,-1.258146134205162525e-03,-5.501195788383483887e-03,0.000000000000000000e+00,1.000000000000000000e+02,-5.675530910491943359e+00,-9.704844665527343750e+01,0.000000000000000000e+00,0.000000000000000000e+00
1.016283035278320312e-01,7.734584505669772625e-05,-7.575200361064453602e-01,1.488670174275533498e+00,-7.321842473796387196e-01,1.570759892463684082e+00,-6.500874654591370927e-06,0.000000000000000000e+00,3.410827815532684326e-01,-1.495635602623224258e-02,-4.583961665630340576e-01,0.000000000000000000e+00,0.000000000000000000e+00,1.338413567282259464e-04,-7.577537298202514648e-01,1.489002943038940430e+00,-7.314171791076660156e-01,1.570796847343444824e+00,-3.123503944379990571e-08,1.151950214989483356e-03,3.331065773963928223e-01,-2.701932191848754883e-02,-4.563636183738708496e-01,-4.485156852751970291e-03,-2.679276093840599060e-02,0.000000000000000000e+00,-2.420835113525390625e+01,4.942497730255126953e+00,-9.024483489990234375e+01,0.000000000000000000e+00,0.000000000000000000e+00
1.523914337158203125e-01,-3.892580141240387093e-05,-7.349713009646912099e-01,1.487577740346090138e+00,-7.671685975841064931e-01,1.570815324783325195e+00,2.103294536937028170e-05,-1.706289127469062805e-03,5.722119212150573730e-01,-3.606671839952468872e-02,-9.293277859687805176e-01,0.000000000000000000e+00,0.000000000000000000e+00,2.553862577769905329e-04,-7.338827848434448242e-01,1.487754464149475098e+00,-7.679070234298706055e-01,1.570796966552734375e+00,3.491018958357017254e-07,1.576861133798956871e-03,5.730732679367065430e-01,-5.799933522939682007e-02,-9.477155208587646484e-01,-3.341721603646874428e-03,-1.739858277142047882e-02,0.000000000000000000e+00,4.489422988891601562e+01,-2.250512313842773438e+01,-2.825029182434082031e+01,0.000000000000000000e+00,0.000000000000000000e+00
2.033600807189941406e-01,6.879220745759084821e-05,-6.969164174846191884e-01,1.484854523335592091e+00,-8.295725745013733388e-01,1.570759892463684082e+00,-9.838734762013245927e-06,5.453177145682275295e-04,9.023127555847167969e-01,-3.911050409078598022e-02,-1.407274484634399414e+00,0.000000000000000000e+00,0.000000000000000000e+00,3.689297009259462357e-04,-6.956035494804382324e-01,1.485111713409423828e+00,-8.288061022758483887e-01,1.570796132087707520e+00,-2.514351926663493941e-08,7.353476248681545258e-04,8.899475932121276855e-01,-5.158124119043350220e-02,-1.398168325424194336e+00,-4.504941403865814209e-03,-2.918609417974948883e-02,0.000000000000000000e+00,1.673978042602539062e+01,5.241085433959960938e+01,7.279291534423828125e+01,0.000000000000000000e+00,0.000000000000000000e+00
2.537684440612792969e-01,-8.408223287403870927e-06,-6.432281893542786122e-01,1.483146015797750294e+00,-9.076489967158813954e-01,1.570830821990966797e+00,-1.365343202763824593e-05,-6.180018535815179348e-04,1.233067750930786133e+00,-5.734949931502342224e-02,-1.661197304725646973e+00,0.000000000000000000e+00,0.000000000000000000e+00,4.076571494806557894e-04,-6.408445835113525391e-01,1.483202815055847168e+00,-9.066054821014404297e-01,1.570794820785522461e+00,-8.420780091000779066e-07,1.298257033340632915e-03,1.221720457077026367e+00,-6.973508000373840332e-02,-1.645870208740234375e+00,9.795674122869968414e-04,1.133873593062162399e-02,0.000000000000000000e+00,-6.515817165374755859e+00,-7.739758300781250000e+01,1.000000000000000000e+02,0.000000000000000000e+00,0.000000000000000000e+00
3.042776584625244141e-01,3.292560722911730409e-05,-5.740334552577515126e-01,1.479061905537740529e+00,-9.914047282985229970e-01,1.570782661437988281e+00,1.740455627441406250e-05,6.111790426075458527e-04,1.516846776008605957e+00,-7.100482285022735596e-02,-1.661505103111267090e+00,0.000000000000000000e+00,0.000000000000000000e+00,3.280157689005136490e-04,-5.706065297126770020e-01,1.479057312011718750e+00,-9.897954463958740234e-01,1.570794701576232910e+00,-5.894182208976417314e-07,-2.065483713522553444e-03,1.507244825363159180e+00,-7.371071726083755493e-02,-1.649231195449829102e+00,-4.362049367045983672e-06,-3.304468700662255287e-04,0.000000000000000000e+00,-3.161588287353515625e+01,9.503602600097656250e+01,9.277742767333984375e+01,0.000000000000000000e+00,0.000000000000000000e+00
3.546633720397949219e-01,-2.700487245732574593e-05,-4.931451839259644032e-01,1.476709190999166310e+00,-1.073019282226898241e+00,1.570810675621032715e+00,-3.163014547169495927e-06,-3.747889131773263216e-04,1.668320655822753906e+00,-6.585004180669784546e-02,-1.654447674751281738e+00,0.000000000000000000e+00,-5.111135124025167897e-06,9.287321881856769323e-05,-4.898420870304107666e-01,1.476773738861083984e+00,-1.071281433105468750e+00,1.570795655250549316e+00,-7.076735073496820405e-07,-1.301785116083920002e-03,1.637161135673522949e+00,-7.709792256355285645e-02,-1.658551216125488281e+00,-4.022710490971803665e-03,-1.928002014756202698e-02,0.000000000000000000e+00,-9.668064880371093750e+01,-1.000000000000000000e+02,-1.000000000000000000e+02,0.000000000000000000e+00,0.000000000000000000e+00
4.050631523132324219e-01,3.576278686523437500e-07,-4.052997392467041493e-01,1.471748177205220998e+00,-1.160427616243698168e+00,1.570787310600280762e+00,5.245208740234375000e-06,8.449152664979919791e-05,1.747692346572875977e+00,-7.662927359342575073e-02,-1.658018469810485840e+00,0.000000000000000000e+00,-7.852796776115746924e-37,-1.578010997036471963e-04,-4.053058326244354248e-01,1.472038507461547852e+00,-1.154895067214965820e+00,1.570795297622680664e+00,-7.576769007755501661e-07,-3.225245745852589607e-03,1.728947758674621582e+00,-9.168521314859390259e-02,-1.660403490066528320e+00,1.743941335007548332e-03,9.911129251122474670e-03,0.000000000000000000e+00,6.813729095458984375e+01,1.000000000000000000e+02,9.328432464599609375e+01,0.000000000000000000e+00,0.000000000000000000e+00
4.554674625396728516e-01,3.825188287009950727e-06,-3.145927947810669423e-01,1.468680206929342091e+00,-1.242358134394027758e+00,1.570826172828674316e+00,2.459018833178561181e-05,3.711366503011959139e-08,1.831126570701599121e+00,-8.201783895492553711e-02,-1.675991296768188477e+00,0.000000000000000000e+00,-0.000000000000000000e+00,-4.828721866942942142e-04,-3.152230679988861084e-01,1.468854546546936035e+00,-1.237334132194519043e+00,1.570796847343444824e+00,-4.788666956301312894e-07,-1.632200088351964951e-03,1.801482915878295898e+00,-9.405157715082168579e-02,-1.678892850875854492e+00,2.154135610908269882e-03,8.944173343479633331e-03,0.000000000000000000e+00,-8.600148773193359375e+01,-1.000000000000000000e+02,-1.000000000000000000e+02,0.000000000000000000e+00,0.000000000000000000e+00
5.058915615081787109e-01,4.328358045313507318e-05,-2.232070726207275868e-01,1.462973896657125294e+00,-1.327875764375068712e+00,1.570834398269653320e+00,-3.163014547169495927e-06,1.030424144119024277e-03,1.861826539039611816e+00,-1.047777310013771057e-01,-1.685692667961120605e+00,0.000000000000000000e+00,-0.000000000000000000e+00,-7.707134936936199665e-04,-2.238191515207290649e-01,1.463068604469299316e+00,-1.322485685348510742e+00,1.570796132087707520e+00,-5.703079182239889633e-07,-3.611362539231777191e-03,1.846251368522644043e+00,-1.151764243841171265e-01,-1.701678514480590820e+00,-3.780452301725745201e-03,-2.358493022620677948e-02,0.000000000000000000e+00,6.630245208740234375e+01,9.142871093750000000e+01,1.000000000000000000e+02,0.000000000000000000e+00,0.000000000000000000e+00
5.562860965728759766e-01,-3.415742983037262093e-05,-1.276143354228516102e-01,1.458156410847799123e+00,-1.410435513859130907e+00,1.570794582366943359e+00,-6.500874654591370927e-06,-4.865531809628009796e-04,1.921294569969177246e+00,-1.255146116018295288e-01,-1.621997475624084473e+00,0.000000000000000000e+00,-0.000000000000000000e+00,-1.116735860705375671e-03,-1.287353336811065674e-01,1.457902193069458008e+00,-1.404713988304138184e+00,1.570796847343444824e+00,-5.155512781129800715e-07,-9.491518139839172363e-04,1.897761583328247070e+00,-1.387043148279190063e-01,-1.629649043083190918e+00,-8.193354122340679169e-03,-4.547439515590667725e-02,0.000000000000000000e+00,-6.283747100830078125e+01,-1.000000000000000000e+02,-2.133354568481445312e+01,0.000000000000000000e+00,0.000000000000000000e+00
6.067156791687011719e-01,3.291368557256646454e-05,-3.191252172503666884e-02,1.449029747639791310e+00,-1.488130749469139147e+00,1.570775508880615234e+00,5.245208740234375000e-06,7.642571581527590752e-04,1.925473928451538086e+00,-2.117572426795959473e-01,-1.458694577217102051e+00,5.697934830095618963e-05,-0.000000000000000000e+00,-1.370963058434426785e-03,-3.327145427465438843e-02,1.448479890823364258e+00,-1.481503844261169434e+00,1.570796132087707520e+00,-5.932168960498529486e-07,-1.786911278031766415e-03,1.903570652008056641e+00,-2.162050157785415649e-01,-1.448260307312011719e+00,-2.313468139618635178e-03,-1.421799138188362122e-02,0.000000000000000000e+00,2.752164077758789062e+01,6.309819030761718750e+01,1.000000000000000000e+02,0.000000000000000000e+00,0.000000000000000000e+00
6.571378707885742188e-01,1.072597569873323664e-05,6.875543176617426866e-02,1.436545674000875294e+00,-1.555156802093126345e+00,1.570818901062011719e+00,8.795338544587139040e-06,1.297000417253002524e-04,1.939351558685302734e+00,-2.921375632286071777e-01,-1.132809877395629883e+00,-2.603713801363483071e-05,-0.000000000000000000e+00,-1.646065386012196541e-03,6.329435110092163086e-02,1.436210155487060547e+00,-1.545060157775878906e+00,1.570796728134155273e+00,-5.222196364229603205e-07,4.295174585422500968e-05,1.924612045288085938e+00,-3.003040254116058350e-01,-1.150232315063476562e+00,-2.994221169501543045e-03,-1.749682240188121796e-02,0.000000000000000000e+00,-1.621763038635253906e+01,-7.561068725585937500e+01,5.482647418975830078e+00,0.000000000000000000e+00,0.000000000000000000e+00
7.075481414794921875e-01,-3.163014547169495927e-06,1.648471790501098155e-01,1.418601814900533498e+00,-1.602064748803609717e+00,1.570801615715026855e+00,8.809565770206972957e-06,6.158288306323811412e-05,1.886971354484558105e+00,-4.011649787425994873e-01,-7.327634692192077637e-01,-6.126813161786297503e-35,-0.000000000000000000e+00,-1.805604319088160992e-03,1.588627398014068604e-01,1.417864084243774414e+00,-1.591179013252258301e+00,1.570795536041259766e+00,-9.208387155013042502e-07,1.574205700308084488e-03,1.862412571907043457e+00,-4.004842340946197510e-01,-7.484778761863708496e-01,6.653347052633762360e-03,1.454594917595386505e-02,0.000000000000000000e+00,-5.102878189086914062e+01,6.767372894287109375e+01,7.527565765380859375e+01,0.000000000000000000e+00,0.000000000000000000e+00
7.579669952392578125e-01,-6.500874654591370927e-06,2.561010557362060069e-01,1.396296803151265919e+00,-1.624972482720846045e+00,1.570822477340698242e+00,8.809565770206972957e-06,-8.000049190812208444e-13,1.781308174133300781e+00,-5.272572040557861328e-01,-1.836774349212646484e-01,-0.000000000000000000e+00,-0.000000000000000000e+00,-1.881770556792616844e-03,2.497682571411132812e-01,1.395240187644958496e+00,-1.613110303878784180e+00,1.570795536041259766e+00,-1.012329789773502853e-06,3.407614771276712418e-03,1.775774955749511719e+00,-5.251949429512023926e-01,-2.238571494817733765e-01,-3.544435370713472366e-03,-1.506671402603387833e-02,0.000000000000000000e+00,3.179402923583984375e+01,-8.942385864257812500e+01,2.185161972045898438e+01,0.000000000000000000e+00,0.000000000000000000e+00
8.083617687225341797e-01,4.676317985286004841e-05,3.433821636387328624e-01,1.366158310567037404e+00,-1.619619031945699561e+00,1.570803403854370117e+00,-9.838734762013245927e-06,1.078054308624321489e-27,1.670395612716674805e+00,-6.445697546005249023e-01,4.427635371685028076e-01,-0.000000000000000000e+00,-0.000000000000000000e+00,-1.857227412983775139e-03,3.360235691070556641e-01,1.364796519279479980e+00,-1.605205059051513672e+00,1.570794582366943359e+00,-1.060751174009055831e-06,4.329407121986150742e-03,1.645353436470031738e+00,-6.415106058120727539e-01,4.536963701248168945e-01,1.580241601914167404e-03,2.039575576782226562e-02,0.000000000000000000e+00,-6.730409240722656250e+01,1.000000000000000000e+02,1.000000000000000000e+02,0.000000000000000000e+00,0.000000000000000000e+00
8.587617874145507812e-01,3.635883331298828125e-05,4.219912725635985851e-01,1.332472626362935841e+00,-1.575888773004049170e+00,1.570767164230346680e+00,8.809565770206972957e-06,-1.413526723907511772e-24,1.498366951942443848e+00,-7.326866984367370605e-01,1.263420224189758301e+00,-0.000000000000000000e+00,-0.000000000000000000e+00,-1.746469992212951183e-03,4.137027263641357422e-01,1.330745100975036621e+00,-1.558903455734252930e+00,1.570795059204101562e+00,-1.128291614804766141e-06,5.178610794246196747e-03,1.482492566108703613e+00,-7.418677210807800293e-01,1.256487727165222168e+00,-3.668294055387377739e-03,-1.500435080379247665e-02,0.000000000000000000e+00,4.140951156616210938e+01,-9.020256042480468750e+01,2.091485261917114258e+00,0.000000000000000000e+00,0.000000000000000000e+00
9.091751575469970703e-01,2.083212166326120496e-05,4.956497389027099132e-01,1.288323704396383107e+00,-1.486271404927112627e+00,1.570846319198608398e+00,1.238118056789971888e-05,-7.970573642523959279e-05,1.313166260719299316e+00,-9.673100709915161133e-01,2.167951107025146484e+00,-0.000000000000000000e+00,-0.000000000000000000e+00,-1.472542993724346161e-03,4.838152229785919189e-01,1.287542700767517090e+00,-1.470780611038208008e+00,1.570794939994812012e+00,-1.115008558372210246e-06,8.103528991341590881e-03,1.306541323661804199e+00,-9.606586694717407227e-01,2.127856492996215820e+00,-6.465150974690914154e-03,-3.062302060425281525e-02,0.000000000000000000e+00,-5.197756958007812500e+01,-7.063673496246337891e+00,5.115635299682617188e+01,0.000000000000000000e+00,0.000000000000000000e+00
9.596085548400878906e-01,3.292560722911730409e-05,5.547143655964354991e-01,1.233933750783101857e+00,-1.355334834461547899e+00,1.570782661437988281e+00,5.245208740234375000e-06,3.725122296928520815e-26,1.042747378349304199e+00,-1.212405443191528320e+00,3.006884813308715820e+00,-3.270226390946178851e-16,-0.000000000000000000e+00,-9.426860488019883633e-04,5.421968698501586914e-01,1.232884526252746582e+00,-1.339143395423889160e+00,1.570795655250549316e+00,-6.797146738790615927e-07,1.034479495137929916e-02,1.035581111907958984e+00,-1.202391386032104492e+00,2.926984786987304688e+00,-1.156454160809516907e-02,-6.109982356429100037e-02,0.000000000000000000e+00,-2.464349937438964844e+01,-8.610889434814453125e+00,-1.000000000000000000e+02,0.000000000000000000e+00,0.000000000000000000e+00
1.010023355484008789e+00,1.118478176067583263e-04,5.975448328205565929e-01,1.166664902363912404e+00,-1.205464408998825121e+00,1.570763707160949707e+00,2.106451938743703067e-05,7.187882438302040100e-03,6.792275309562683105e-01,-1.465093612670898438e+00,3.021411895751953125e+00,3.914523931560309961e-29,1.828112290240824223e-04,5.327282997313886881e-05,5.838431119918823242e-01,1.165415525436401367e+00,-1.190079689025878906e+00,1.570795178413391113e+00,-8.932582886700402014e-07,1.922076009213924408e-02,6.219669580459594727e-01,-1.494025111198425293e+00,2.959553003311157227e+00,-1.973116211593151093e-02,-1.002736687660217285e-01,0.000000000000000000e+00,-9.163575744628906250e+01,-2.931478881835937500e+01,-1.000000000000000000e+02,0.000000000000000000e+00,0.000000000000000000e+00
1.060423612594604492e+00,1.738704304443672299e-05,6.149141031452636241e-01,1.083189789448873341e+00,-1.055734590893127489e+00,1.570763587951660156e+00,4.480365896597504616e-05,-1.812126371078193188e-03,1.238013524562120438e-02,-1.861525774002075195e+00,2.992900371551513672e+00,7.512600132031366229e-05,3.188498085364699364e-04,1.656472915783524513e-03,5.984013080596923828e-01,1.081165552139282227e+00,-1.040850996971130371e+00,1.570794939994812012e+00,-1.242986058969108853e-06,2.870394475758075714e-02,-2.893724665045738220e-02,-1.888117551803588867e+00,2.954573392868041992e+00,-2.427874319255352020e-02,-1.221225112676620483e-01,0.000000000000000000e+00,-1.000000000000000000e+02,-5.225128936767578125e+01,-1.000000000000000000e+02,0.000000000000000000e+00,0.000000000000000000e+00
1.110863924026489258e+00,8.774852904025465250e-05,5.918323236652831554e-01,9.726961294757288101e-01,-9.008006614497681142e-01,1.570834398269653320e+00,6.060576561139896512e-05,-3.653820895124226809e-04,-8.956758379936218262e-01,-2.355209112167358398e+00,2.901789188385009766e+00,-2.902662963606417179e-04,3.041621239390224218e-04,3.806262277066707611e-03,5.738007426261901855e-01,9.735227823257446289e-01,-8.916230797767639160e-01,1.570796132087707520e+00,-9.127995213020767551e-07,3.792538121342658997e-02,-9.274100661277770996e-01,-2.442203283309936523e+00,2.951376199722290039e+00,-3.000614047050476074e-02,-1.332311630249023438e-01,0.000000000000000000e+00,-1.000000000000000000e+02,-7.772155761718750000e+01,-1.000000000000000000e+02,0.000000000000000000e+00,0.000000000000000000e+00
1.161260604858398438e+00,1.239776611328125000e-05,5.250236231037597179e-01,8.465340773211877945e-01,-7.650804680636902333e-01,1.570786237716674805e+00,1.856112430687062442e-05,-8.622117960457462946e-27,-1.747958302497863770e+00,-2.612465381622314453e+00,2.519907951354980469e+00,-1.043524011038243771e-03,2.458243034197948873e-05,6.072968710213899612e-03,4.976830780506134033e-01,8.358258008956909180e-01,-7.431642413139343262e-01,1.570794939994812012e+00,-1.208205276270746253e-06,3.420778736472129822e-02,-2.081225156784057617e+00,-2.973639011383056641e+00,2.892329454421997070e+00,-1.874566823244094849e-02,-1.138637810945510864e-01,0.000000000000000000e+00,-1.000000000000000000e+02,-2.185734367370605469e+01,-1.000000000000000000e+02,0.000000000000000000e+00,0.000000000000000000e+00
1.211790323257446289e+00,3.825187377515248954e-06,4.140403705784301280e-01,7.209790388690393570e-01,-6.521712702563782216e-01,1.570664167404174805e+00,2.576112819951958954e-05,-6.513544576591812074e-06,-2.586354255676269531e+00,-2.625593423843383789e+00,2.158354282379150391e+00,-1.634295927033235785e-06,1.692748048369580260e-33,6.980116013437509537e-03,3.631238341331481934e-01,6.881812810897827148e-01,-6.106893420219421387e-01,1.570789337158203125e+00,-1.951520971488207579e-06,-3.171805758029222488e-03,-2.980415105819702148e+00,-2.978883028030395508e+00,2.439441680908203125e+00,1.165976282209157944e-03,-1.435625925660133362e-02,0.000000000000000000e+00,-1.000000000000000000e+02,8.968347549438476562e+00,-8.354821014404296875e+01,0.000000000000000000e+00,0.000000000000000000e+00
1.262190818786621094e+00,1.014364970615133643e-04,2.712396818348388194e-01,5.770886580096643570e-01,-5.453072351268311024e-01,1.570705413818359375e+00,-5.466142763310699593e-05,5.598395946435630322e-04,-2.967424154281616211e+00,-2.983296871185302734e+00,2.002889871597290039e+00,-5.887352745048701763e-05,-1.343385083600878716e-03,5.937060341238975525e-03,2.150615304708480835e-01,5.393422245979309082e-01,-5.033519268035888672e-01,1.570794582366943359e+00,-8.049499342632771004e-07,-1.467959955334663391e-02,-2.978015422821044922e+00,-2.978655338287353516e+00,1.922645807266235352e+00,6.926724454388022423e-04,-2.407537959516048431e-02,0.000000000000000000e+00,1.000000000000000000e+02,1.988450241088867188e+01,-2.511419355869293213e-01,0.000000000000000000e+00,0.000000000000000000e+00
1.312558412551879883e+00,-3.892580141240387093e-05,1.217959362217406749e-01,4.271867910968225601e-01,-4.586076301387329579e-01,1.570758819580078125e+00,-1.842180360966949593e-05,-2.343631058465689421e-04,-2.990735054016113281e+00,-2.987170934677124023e+00,1.510650277137756348e+00,3.921716706827282906e-04,-5.354685336626807679e-13,4.562862683087587357e-03,6.744973361492156982e-02,3.908610641956329346e-01,-4.201626181602478027e-01,1.570796608924865723e+00,-1.120534307119669393e-06,-2.037871815264225006e-02,-2.974593639373779297e+00,-2.976233720779418945e+00,1.486735701560974121e+00,5.473948549479246140e-04,4.595920443534851074e-03,0.000000000000000000e+00,1.000000000000000000e+02,7.921484375000000000e+01,6.526997375488281250e+01,0.000000000000000000e+00,0.000000000000000000e+00
1.362957000732421875e+00,7.732176891295239329e-05,-3.432615221057133681e-02,2.713263670550745132e-01,-3.875320714763184071e-01,1.570770740509033203e+00,-4.083315004521637093e-05,7.795122219249606133e-04,-3.018170356750488281e+00,-2.988267898559570312e+00,1.225262641906738281e+00,1.204159110784530640e-03,9.913869725153290346e-10,2.978249220177531242e-03,-8.017729967832565308e-02,2.411409169435501099e-01,-3.539086282253265381e-01,1.570797443389892578e+00,-5.316287001733144280e-07,-2.452222630381584167e-02,-2.975536584854125977e+00,-2.983289957046508789e+00,1.240225791931152344e+00,4.610297910403460264e-04,-3.004676727869082242e-06,0.000000000000000000e+00,1.000000000000000000e+02,7.751083374023437500e+01,9.263240814208984375e+01,0.000000000000000000e+00,0.000000000000000000e+00
1.413357973098754883e+00,-7.468858827763824593e-05,-1.844141048244019032e-01,1.216862837420862320e-01,-3.269570630839844227e-01,1.570810675621032715e+00,4.481077121454291046e-05,-9.928386425599455833e-04,-3.004967451095581055e+00,-3.002756357192993164e+00,1.172965884208679199e+00,5.677463486790657043e-04,-2.231178223155438900e-05,1.264787279069423676e-03,-2.274271696805953979e-01,9.146600961685180664e-02,-2.940221428871154785e-01,1.570797562599182129e+00,-1.561209472811242449e-07,-2.608506940305233002e-02,-2.967097759246826172e+00,-2.984493255615234375e+00,1.192460775375366211e+00,4.789328959304839373e-04,-1.717598024697508663e-06,0.000000000000000000e+00,1.000000000000000000e+02,7.493698883056640625e+01,6.874728393554687500e+01,0.000000000000000000e+00,0.000000000000000000e+00
1.463745117187500000e+00,7.916232425486668944e-05,-3.341751855662842274e-01,-2.875280193984508514e-02,-2.645390790751953602e-01,1.570813059806823730e+00,-1.603761781865387093e-05,2.925070701166987419e-03,-2.979348421096801758e+00,-3.032871246337890625e+00,1.294649958610534668e+00,-1.898627124319318682e-05,-3.882871475070714951e-03,-4.571719618979841471e-04,-3.744539022445678711e-01,-5.810431763529777527e-02,-2.335089594125747681e-01,1.570798397064208984e+00,-1.676441172548948089e-07,-2.526583336293697357e-02,-2.963072061538696289e+00,-2.984512805938720703e+00,1.222200036048889160e+00,4.536242340691387653e-04,-2.242439677502261475e-06,0.000000000000000000e+00,1.000000000000000000e+02,7.685063934326171875e+01,-1.282111072540283203e+01,0.000000000000000000e+00,0.000000000000000000e+00
1.514164924621582031e+00,2.771937943180091679e-05,-4.843349021724243642e-01,-1.742165982723236084e-01,-2.019837659648437977e-01,1.570801615715026855e+00,-6.181398500615387093e-05,-1.393067650496959686e-03,-3.016513824462890625e+00,-2.757161140441894531e+00,1.242837548255920410e+00,3.327685931253654417e-07,1.594046014361083508e-03,-2.072768984362483025e-03,-5.216144323348999023e-01,-2.073856741189956665e-01,-1.721824109554290771e-01,1.570798754692077637e+00,-1.718467479427943090e-09,-2.174338325858116150e-02,-2.967222452163696289e+00,-2.959541082382202148e+00,1.227992892265319824e+00,4.145437560509890318e-04,4.588160663843154907e-06,0.000000000000000000e+00,1.000000000000000000e+02,6.997357940673828125e+01,-1.132456779479980469e+01,0.000000000000000000e+00,0.000000000000000000e+00
1.564654111862182617e+00,8.261072798632085323e-05,-6.342585247806091786e-01,-3.055224418640136719e-01,-1.400175851634521962e-01,1.570894598960876465e+00,-3.320375551396637093e-05,-1.015693560475483537e-04,-2.938097953796386719e+00,-2.456938505172729492e+00,1.231384396553039551e+00,9.819170227274298668e-04,-4.466772079467773438e-03,-3.263841848820447922e-03,-6.700491309165954590e-01,-3.413541913032531738e-01,-1.119956597685813904e-01,1.570799589157104492e+00,-2.450254044106259244e-07,-1.208798587322235107e-02,-2.983517169952392578e+00,-2.461394309997558594e+00,1.176817655563354492e+00,2.006983995670452714e-04,-7.610423381265718490e-06,0.000000000000000000e+00,1.000000000000000000e+02,5.057373046875000000e+01,-3.799135208129882812e+01,0.000000000000000000e+00,0.000000000000000000e+00
1.615118026733398438e+00,2.431869506835937500e-05,-7.810964745334167958e-01,-4.190150201320648193e-01,-8.106954515490727431e-02,1.570873618125915527e+00,-4.607835878545074593e-05,-2.637508558109402657e-03,-2.636132240295410156e+00,-1.937037110328674316e+00,1.055193305015563965e+00,2.909554459620267153e-04,1.533791801193729043e-04,-3.626243211328983307e-03,-8.152506947517395020e-01,-4.499508440494537354e-01,-5.690072104334831238e-02,1.570799350738525391e+00,-1.435660124116111547e-07,8.409793488681316376e-03,-2.747416734695434570e+00,-1.937528610229492188e+00,1.040300965309143066e+00,-1.096097257686778903e-04,6.253185347304679453e-06,0.000000000000000000e+00,1.000000000000000000e+02,3.674837493896484375e+01,-3.064227485656738281e+01,0.000000000000000000e+00,0.000000000000000000e+00
1.665546178817749023e+00,9.815124212764203548e-05,-8.992822927287598134e-01,-5.022121667861938477e-01,-3.288050115618901259e-02,1.570771932601928711e+00,-6.610551942998199593e-05,-1.559324795380234718e-03,-2.056736946105957031e+00,-1.426661729812622070e+00,8.738265633583068848e-01,2.450206131625142544e-26,2.202033869082719740e-17,-2.664885250851511955e-03,-9.365894794464111328e-01,-5.320752263069152832e-01,-1.015512086451053619e-02,1.570796728134155273e+00,-8.469653778320207493e-08,2.070316672325134277e-02,-2.123146772384643555e+00,-1.408441424369812012e+00,8.592313528060913086e-01,-2.563548041507601738e-04,1.198908103106077760e-05,0.000000000000000000e+00,1.000000000000000000e+02,-1.883595085144042969e+01,-3.351140737533569336e+00,0.000000000000000000e+00,0.000000000000000000e+00
1.715995550155639648e+00,2.487586170900613070e-04,-9.827171129039307118e-01,-5.618962049484252930e-01,5.882306689880323347e-03,1.570827364921569824e+00,-4.226366151982574593e-05,3.439012914896011353e-02,-1.469541072845458984e+00,-1.091992855072021484e+00,6.289848685264587402e-01,4.349061637185513973e-04,9.548923000693321228e-03,-8.139853598549962044e-04,-1.020290613174438477e+00,-5.900650024414062500e-01,2.751382626593112946e-02,1.570795059204101562e+00,-2.138386605565756327e-07,2.789493463933467865e-02,-1.258567929267883301e+00,-9.570171833038330078e-01,6.803786158561706543e-01,-3.186525427736341953e-04,1.513747611170401797e-05,0.000000000000000000e+00,1.000000000000000000e+02,-3.730854034423828125e+01,7.876054763793945312e+00,0.000000000000000000e+00,0.000000000000000000e+00
1.766431570053100586e+00,1.254215312656015158e-04,-1.021434740429260302e+00,-6.009394526481628418e-01,3.681377946820063585e-02,1.570923209190368652e+00,-2.652803529912262093e-05,-3.150787902995944023e-03,-3.090098798274993896e-01,-5.619882941246032715e-01,5.208260416984558105e-01,1.855705049820244312e-03,2.108494081767275929e-04,1.519427984021604061e-03,-1.056731700897216797e+00,-6.263741254806518555e-01,5.654579401016235352e-02,1.570794343948364258e+00,-4.517507434798062604e-08,2.861238643527030945e-02,-2.813496291637420654e-01,-5.045806169509887695e-01,5.081220269203186035e-01,-2.785028482321649790e-04,2.471920743118971586e-05,0.000000000000000000e+00,-7.130186080932617188e+00,4.474104309082031250e+01,-2.343312740325927734e+00,0.000000000000000000e+00,0.000000000000000000e+00
1.816865682601928711e+00,8.964538210420869291e-06,-1.012410478000976610e+00,-6.158653497695922852e-01,5.954865991558833116e-02,1.570835709571838379e+00,-1.842180360966949593e-05,-1.344249881185533013e-06,5.614473819732666016e-01,-4.241630434989929199e-02,3.437786996364593506e-01,-1.517003111075609922e-04,1.526644802652299404e-03,3.613481530919671059e-03,-1.047038078308105469e+00,-6.382361054420471191e-01,7.703286409378051758e-02,1.570795655250549316e+00,2.176694913202936732e-08,2.157581038773059845e-02,5.632497072219848633e-01,-9.652034379541873932e-03,3.394716680049896240e-01,-2.327121183043345809e-04,1.636887282074894756e-05,0.000000000000000000e+00,-1.000000000000000000e+02,-5.838825702667236328e+00,5.535346031188964844e+00,0.000000000000000000e+00,0.000000000000000000e+00
1.867315053939819336e+00,7.914161687949672341e-05,-9.676852983287353993e-01,-6.050798296928405762e-01,7.317750036206049913e-02,1.570786118507385254e+00,1.029968370858114213e-05,1.086608739569783211e-03,1.141353368759155273e+00,4.428817927837371826e-01,2.055665701627731323e-01,-2.417712676106020808e-04,9.115788270719349384e-04,5.031718406826257706e-03,-1.001930832862854004e+00,-6.254196763038635254e-01,8.981435000896453857e-02,1.570795774459838867e+00,3.524985103808830900e-08,1.380194257944822311e-02,1.154937744140625000e+00,4.756801426410675049e-01,1.994183361530303955e-01,-1.784183114068582654e-04,2.074549911412759684e-06,0.000000000000000000e+00,-1.000000000000000000e+02,1.573930740356445312e+00,1.883294296264648438e+01,0.000000000000000000e+00,0.000000000000000000e+00
1.917738437652587891e+00,-5.418459047490387093e-05,-9.003527921489258290e-01,-5.708015561103820801e-01,8.172826349224848741e-02,1.570830821990966797e+00,7.960748916957527399e-05,-4.810633465484946722e-23,1.484232068061828613e+00,8.884434700012207031e-01,1.598455607891082764e-01,-1.140782405855134130e-04,3.469165239948779345e-04,5.756543949246406555e-03,-9.339725375175476074e-01,-5.889930129051208496e-01,9.810017794370651245e-02,1.570796370506286621e+00,-3.484491983840598550e-08,5.044149700552225113e-03,1.494585275650024414e+00,9.135831594467163086e-01,1.618658006191253662e-01,-7.723652379354462028e-05,6.015010967530542985e-06,0.000000000000000000e+00,-1.000000000000000000e+02,-4.007341384887695312e+01,6.745923614501953125e+01,0.000000000000000000e+00,0.000000000000000000e+00
1.968137741088867188e+00,-1.195112811487319959e-04,-8.215164703181763173e-01,-5.174803137779235840e-01,9.222595273937983507e-02,1.570827364921569824e+00,7.724761962890625000e-05,2.929310430772602558e-04,1.599161267280578613e+00,1.203496098518371582e+00,2.588953077793121338e-01,-1.180674647912383080e-03,3.806986205745488405e-04,5.799237638711929321e-03,-8.556241393089294434e-01,-5.338276028633117676e-01,1.084902137517929077e-01,1.570796489715576172e+00,-1.179010027385629655e-07,-4.740155767649412155e-03,1.582836270332336426e+00,1.219590663909912109e+00,2.520342469215393066e-01,3.965953146689571440e-05,-1.369201527268160135e-05,0.000000000000000000e+00,-1.000000000000000000e+02,-6.843450164794921875e+01,3.541250991821289062e+01,0.000000000000000000e+00,0.000000000000000000e+00
2.018611669540405273e+00,-1.381079303186538709e-04,-7.434635323337097645e-01,-4.520312249660491943e-01,1.091371017643432140e-01,1.570731520652770996e+00,7.369518425548449159e-05,1.145119895227253437e-03,1.494464039802551270e+00,1.383730292320251465e+00,4.188718795776367188e-01,-2.859554952010512352e-04,1.221908751176670194e-04,5.367388483136892319e-03,-7.780732512474060059e-01,-4.672873616218566895e-01,1.254624128341674805e-01,1.570795893669128418e+00,-2.349086969388736179e-08,-1.011716667562723160e-02,1.490110635757446289e+00,1.387303709983825684e+00,4.064029753208160400e-01,1.357033906970173120e-04,2.426214678052929230e-06,0.000000000000000000e+00,-4.064365768432617188e+01,-4.267749023437500000e+01,1.325194549560546875e+01,0.000000000000000000e+00,0.000000000000000000e+00
2.069086790084838867e+00,3.825187377515248954e-06,-6.698558491519470692e-01,-3.775162100791931152e-01,1.357871729084472179e-01,1.570767283439636230e+00,6.532669067382812500e-05,-3.053616914883150457e-09,1.331024169921875000e+00,1.439436078071594238e+00,6.290653347969055176e-01,-1.132075067289406434e-05,-2.882850822061300278e-04,4.768327809870243073e-03,-7.067998647689819336e-01,-3.955518901348114014e-01,1.517857760190963745e-01,1.570796012878417969e+00,-1.006923540103343839e-07,-1.212876103818416595e-02,1.341011404991149902e+00,1.434572219848632812e+00,6.255400180816650391e-01,1.432185235898941755e-04,-5.940452410868601874e-06,0.000000000000000000e+00,-7.245883345603942871e-01,-5.514393615722656250e+01,3.867646026611328125e+01,0.000000000000000000e+00,0.000000000000000000e+00
2.119549036026000977e+00,-4.417101015263824593e-05,-6.061619085124512196e-01,-3.062110245227813721e-01,1.754671770283202648e-01,1.570851087570190430e+00,2.931841845565941185e-05,2.758076880127191544e-04,1.209918975830078125e+00,1.410876631736755371e+00,9.414624571800231934e-01,3.084987693000584841e-04,-5.037045921199023724e-04,4.172200337052345276e-03,-6.424210667610168457e-01,-3.241337835788726807e-01,1.914814412593841553e-01,1.570796012878417969e+00,-1.449108140150201507e-07,-1.133266557008028030e-02,1.211325526237487793e+00,1.402533769607543945e+00,9.248749017715454102e-01,1.135320271714590490e-04,-2.531405129957420286e-07,0.000000000000000000e+00,2.024930191040039062e+01,-7.442711353302001953e+00,2.543975639343261719e+01,0.000000000000000000e+00,0.000000000000000000e+00
2.169977664947509766e+00,5.515658995136618614e-05,-5.476688903621216298e-01,-2.375253140926361084e-01,2.304048973270873546e-01,1.570704102516174316e+00,3.289230153313837945e-05,5.015595233999192715e-04,1.161937355995178223e+00,1.350910425186157227e+00,1.226516008377075195e+00,1.928581878019031137e-05,-1.894158311188220978e-03,3.678061533719301224e-03,-5.825968384742736816e-01,-2.551580071449279785e-01,2.468700557947158813e-01,1.570795536041259766e+00,-7.097773391251394060e-08,-9.364712052047252655e-03,1.153542399406433105e+00,1.338907361030578613e+00,1.234837293624877930e+00,8.889918535714969039e-05,-2.376270003878744319e-06,0.000000000000000000e+00,3.990710830688476562e+01,-1.731943702697753906e+01,-2.100346374511718750e+01,0.000000000000000000e+00,0.000000000000000000e+00
2.220388412475585938e+00,-1.174608339482574593e-05,-4.897530835917969227e-01,-1.729419380426406860e-01,2.988372284122924327e-01,1.570782661437988281e+00,-3.163014547169495927e-06,4.225190126550397551e-23,1.190387845039367676e+00,1.235959172248840332e+00,1.459627389907836914e+00,1.769896480254828930e-04,-4.485765239223837852e-04,3.299912204965949059e-03,-5.227491259574890137e-01,-1.908705681562423706e-01,3.151767253875732422e-01,1.570796012878417969e+00,-6.242163408387568779e-08,-7.410793565213680267e-03,1.197835803031921387e+00,1.221138715744018555e+00,1.439178347587585449e+00,6.083246626076288521e-05,5.844259248988237232e-06,0.000000000000000000e+00,4.328372573852539062e+01,-2.719254493713378906e+01,-6.992663574218750000e+01,0.000000000000000000e+00,0.000000000000000000e+00
2.270813465118408203e+00,-1.889864076787262093e-05,-4.242733281901855946e-01,-1.138149350881576538e-01,3.761659103580932140e-01,1.570730209350585938e+00,-1.842180360966949593e-05,-1.815770502844316070e-07,1.333584427833557129e+00,1.023228049278259277e+00,1.492862701416015625e+00,1.462081617494844390e-21,-1.497899793321266770e-04,3.003733698278665543e-03,-4.578476846218109131e-01,-1.347415298223495483e-01,3.888042569160461426e-01,1.570796608924865723e+00,-6.763569615486630937e-08,-6.194157991558313370e-03,1.335977554321289062e+00,1.021233201026916504e+00,1.472899317741394043e+00,2.889270581363234669e-05,1.728503775666467845e-06,0.000000000000000000e+00,3.216260528564453125e+01,-4.014517593383789062e+01,-7.004016113281250000e+01,0.000000000000000000e+00,0.000000000000000000e+00
2.321225404739379883e+00,3.637255940702743828e-05,-3.532406848720093251e-01,-6.957563012838363647e-02,4.479850965687255382e-01,1.570794582366943359e+00,-1.842180360966949593e-05,2.474105567671358585e-04,1.499677419662475586e+00,7.422462105751037598e-01,1.377091169357299805e+00,2.258710579683409492e-10,-7.370855746557936072e-05,2.721064258366823196e-03,-3.846454322338104248e-01,-9.101219475269317627e-02,4.598073661327362061e-01,1.570796489715576172e+00,-6.184426126765174558e-08,-6.240607704967260361e-03,1.504069924354553223e+00,7.431663870811462402e-01,1.366108894348144531e+00,3.356979505042545497e-05,2.081053480651462451e-06,0.000000000000000000e+00,-9.540774345397949219e+00,-2.233233070373535156e+01,-4.107330322265625000e+01,0.000000000000000000e+00,0.000000000000000000e+00
2.371644258499145508e+00,-2.366701234990387093e-05,-2.747481626323242665e-01,-4.085319861769676208e-02,5.123221117207030773e-01,1.570814132690429688e+00,-1.842180360966949593e-05,-1.142243927461095154e-04,1.606553196907043457e+00,4.178433120250701904e-01,1.192331194877624512e+00,5.314984945337598668e-40,3.582046338124200702e-05,2.392715774476528168e-03,-3.043522536754608154e-01,-6.248661130666732788e-02,5.230017304420471191e-01,1.570796251296997070e+00,-8.132121109838408302e-08,-6.846469826996326447e-03,1.605386137962341309e+00,4.215563833713531494e-01,1.181183815002441406e+00,7.150733290472999215e-05,-5.042816155764739960e-07,0.000000000000000000e+00,-4.586221694946289062e+01,-1.068104171752929688e+01,-1.829762077331542969e+01,0.000000000000000000e+00,0.000000000000000000e+00
2.422050476074218750e+00,2.086317545035853982e-05,-1.941234630397339345e-01,-2.752949669957160950e-02,5.671145158955077648e-01,1.570783853530883789e+00,5.245208740234375000e-06,-3.463264233523481373e-27,1.581722140312194824e+00,1.381142288446426392e-01,1.029485464096069336e+00,-3.464366284534026771e-24,2.205909695476293564e-04,2.026247326284646988e-03,-2.224761098623275757e-01,-4.938677698373794556e-02,5.769711136817932129e-01,1.570795655250549316e+00,-1.351786806935706409e-07,-6.756483577191829681e-03,1.569611907005310059e+00,1.393676549196243286e-01,1.016853213310241699e+00,8.446742140222340822e-05,-2.975317784148501232e-06,0.000000000000000000e+00,-6.428706359863281250e+01,4.728706359863281250e+01,4.072917556762695312e+01,0.000000000000000000e+00,0.000000000000000000e+00
2.472462654113769531e+00,3.576278686523437500e-07,-1.178665918162842274e-01,-2.498327754437923431e-02,6.156646448322753429e-01,1.570774197578430176e+00,-6.500874654591370927e-06,4.373955798731738769e-30,1.467163681983947754e+00,1.779086189344525337e-03,9.356517195701599121e-01,2.104317245539277792e-04,1.271377259399741888e-04,1.690323697403073311e-03,-1.456419676542282104e-01,-4.628358036279678345e-02,6.249990463256835938e-01,1.570794701576232910e+00,-7.452990757883526385e-08,-5.242616403847932816e-03,1.437139868736267090e+00,1.232672575861215591e-02,9.261928200721740723e-01,9.776666411198675632e-05,-2.125758783222408965e-06,0.000000000000000000e+00,-1.047302341461181641e+01,8.280041503906250000e+01,2.047579002380371094e+01,0.000000000000000000e+00,0.000000000000000000e+00
2.522891998291015625e+00,4.827976226806640625e-05,-4.671175897631840712e-02,-2.538096532225608826e-02,6.611711221882323741e-01,1.570790886878967285e+00,1.232623981195501983e-05,-1.385400718841370282e-13,1.256622433662414551e+00,-1.273707207292318344e-02,7.949360609054565430e-01,2.733252949838060886e-05,7.886198000051081181e-05,1.433568075299263000e-03,-7.700765877962112427e-02,-4.562665149569511414e-02,6.680191755294799805e-01,1.570794701576232910e+00,-7.814379188175735180e-08,-3.624928183853626251e-03,1.234621047973632812e+00,-6.397840566933155060e-03,7.928758859634399414e-01,1.036559478961862624e-04,4.736320079246070236e-06,0.000000000000000000e+00,-5.048963546752929688e+01,1.313360810279846191e+00,-6.077397918701171875e+01,0.000000000000000000e+00,0.000000000000000000e+00
2.573316812515258789e+00,4.672717841458506882e-05,9.218736285827588972e-03,-2.539100684225559235e-02,6.962541776844481944e-01,1.570790886878967285e+00,-6.500874654591370927e-06,-1.989468291867524385e-04,9.823777675628662109e-01,2.540306001901626587e-02,6.455954313278198242e-01,1.553631773276720196e-05,1.661373261185872252e-08,1.267036655917763710e-03,-2.092793956398963928e-02,-4.482327029109001160e-02,7.028883099555969238e-01,1.570794582366943359e+00,-5.830091609482224158e-08,-1.896410598419606686e-03,9.590565562248229980e-01,2.348544448614120483e-02,6.442964076995849609e-01,7.588627340737730265e-05,7.727600745965901297e-07,0.000000000000000000e+00,-5.365228652954101562e+00,3.720698165893554688e+01,5.210120773315429688e+01,0.000000000000000000e+00,0.000000000000000000e+00
2.624368906021118164e+00,7.143871698644943535e-06,5.165044843640131944e-02,-2.240475825965404510e-02,7.259294229694823741e-01,1.570779204368591309e+00,-2.175966371709137093e-05,-7.447502873662711852e-21,7.431552410125732422e-01,9.994605183601379395e-02,5.395727753639221191e-01,1.085261465050280094e-05,3.909387577583925924e-38,1.182617619633674622e-03,2.152025327086448669e-02,-4.082536324858665466e-02,7.319626808166503906e-01,1.570794939994812012e+00,-1.460994525359637919e-08,-5.020402604714035988e-04,7.002332806587219238e-01,1.015828177332878113e-01,5.278502702713012695e-01,5.027121369494125247e-05,2.025479716394329444e-06,0.000000000000000000e+00,1.930362892150878906e+01,-7.884733676910400391e-01,-2.673511505126953125e+01,0.000000000000000000e+00,0.000000000000000000e+00
2.675014495849609375e+00,5.171298835193738341e-05,8.358101427044672960e-02,-1.511533372104167938e-02,7.498294550129394054e-01,1.570771932601928711e+00,1.646041937419795431e-06,2.987573498103301972e-05,5.105738043785095215e-01,1.901876628398895264e-01,3.970719277858734131e-01,1.182907423697104113e-27,0.000000000000000000e+00,1.154689583927392960e-03,5.231759324669837952e-02,-3.287494555115699768e-02,7.545317411422729492e-01,1.570795416831970215e+00,-3.996677122586334008e-08,2.743307559285312891e-04,4.900900721549987793e-01,1.839464008808135986e-01,4.025875329971313477e-01,3.332488267915323377e-05,-3.146676363030564971e-06,0.000000000000000000e+00,1.981957054138183594e+01,1.964095234870910645e+00,1.981948661804199219e+01,0.000000000000000000e+00,0.000000000000000000e+00
2.725471019744873047e+00,7.909020496299490333e-05,1.050498920628051280e-01,-4.119355697184801102e-03,7.670821386524657726e-01,1.570794582366943359e+00,-9.838734762013245927e-06,0.000000000000000000e+00,3.652962446212768555e-01,2.228445261716842651e-01,2.874434888362884521e-01,0.000000000000000000e+00,0.000000000000000000e+00,1.153489807620644569e-03,7.428096979856491089e-02,-2.179588377475738525e-02,7.714408636093139648e-01,1.570795536041259766e+00,-7.346802988195122452e-08,7.084351382218301296e-04,3.456811606884002686e-01,2.185930609703063965e-01,2.886087298393249512e-01,2.952710929093882442e-05,7.764962788314733189e-07,0.000000000000000000e+00,3.279029083251953125e+01,-4.355698013305664062e+01,-1.110095596313476562e+01,0.000000000000000000e+00,0.000000000000000000e+00
2.776025295257568359e+00,5.172491000848822296e-05,1.207205492207030773e-01,5.806271229879200746e-03,7.789100843616942882e-01,1.570801615715026855e+00,-1.365343202763824593e-05,-2.524827723391354084e-04,2.595064342021942139e-01,1.704123467206954956e-01,2.130511850118637085e-01,0.000000000000000000e+00,0.000000000000000000e+00,1.166921691037714481e-03,9.061527997255325317e-02,-1.157729420810937881e-02,7.833217978477478027e-01,1.570795655250549316e+00,-5.147486881185159291e-09,9.901195298880338669e-04,2.466969341039657593e-01,1.700377762317657471e-01,2.172819972038269043e-01,2.930057053163181990e-05,3.919335540558677167e-06,0.000000000000000000e+00,2.734866619110107422e+00,-2.485507392883300781e+01,4.821057510375976562e+01,0.000000000000000000e+00,0.000000000000000000e+00
2.826385736465454102e+00,5.518740363186225295e-05,1.319737869450072765e-01,1.211578050722295075e-02,7.889639574238280773e-01,1.570794582366943359e+00,4.768371582031250000e-07,-8.732600690564140677e-05,2.031979560852050781e-01,8.841317892074584961e-02,1.901938170194625854e-01,1.303109282670611088e-14,0.000000000000000000e+00,1.186102512292563915e-03,1.028250232338905334e-01,-5.225969478487968445e-03,7.934293746948242188e-01,1.570795774459838867e+00,-1.490347401045255538e-08,1.004071091301739216e-03,1.876021921634674072e-01,7.800789922475814819e-02,1.879340112209320068e-01,2.318036422366276383e-05,2.864499947463627905e-06,0.000000000000000000e+00,3.112936019897460938e+01,-8.492344856262207031e+00,-1.620024681091308594e+01,0.000000000000000000e+00,0.000000000000000000e+00
2.876748800277709961e+00,8.596703264629468322e-05,1.415293651768187999e-01,1.375800768007451325e-02,7.971348005482177257e-01,1.570787429809570312e+00,-2.557436098271637093e-05,-1.674090162850916386e-05,1.703779548406600952e-01,-2.100643143057823181e-02,1.359770148992538452e-01,3.082856621514597556e-44,0.000000000000000000e+00,1.205977285280823708e-03,1.130771338939666748e-01,-3.767640795558691025e-03,8.013368248939514160e-01,1.570796012878417969e+00,-5.922397861013450893e-08,1.219877158291637897e-03,1.478267014026641846e-01,-1.902551762759685516e-02,1.370828598737716675e-01,2.031035910476930439e-05,-1.675728071859339252e-06,0.000000000000000000e+00,-1.799964714050292969e+01,5.875109195709228516e+00,-2.998667478561401367e+00,0.000000000000000000e+00,0.000000000000000000e+00
2.927205562591552734e+00,3.635883331298828125e-05,1.484539943882445812e-01,1.078206697572881012e-02,8.025063711353759288e-01,1.570794582366943359e+00,-1.365343202763824593e-05,-3.880332587868906558e-05,9.669747948646545410e-02,-9.606204926967620850e-02,6.758121401071548462e-02,0.000000000000000000e+00,0.000000000000000000e+00,1.236793468706309795e-03,1.204764470458030701e-01,-6.597165483981370926e-03,8.063569068908691406e-01,1.570795774459838867e+00,-7.669129331588919740e-08,1.354557462036609650e-03,8.230700343847274780e-02,-9.409733116626739502e-02,7.256208360195159912e-02,2.149470674339681864e-05,-2.171417918361839838e-06,0.000000000000000000e+00,-2.126887321472167969e+00,1.400471591949462891e+01,-8.262556076049804688e+00,0.000000000000000000e+00,0.000000000000000000e+00
2.977607488632202148e+00,1.102328751585446298e-04,1.519265609928588390e-01,4.828755055562794496e-03,8.042585092731933116e-01,1.570794582366943359e+00,-9.838734762013245927e-06,1.257583935512229800e-04,4.363471269607543945e-02,-1.410453319549560547e-01,1.030158437788486481e-02,0.000000000000000000e+00,0.000000000000000000e+00,1.264972030185163021e-03,1.246418282389640808e-01,-1.224907021969556808e-02,8.081296682357788086e-01,1.570795774459838867e+00,-5.047563433890900342e-08,1.191476127132773399e-03,2.338452637195587158e-02,-1.365094780921936035e-01,1.493946649134159088e-02,2.271758603455964476e-05,4.059358616359531879e-06,0.000000000000000000e+00,7.811569213867187500e+00,1.295694446563720703e+01,1.520826339721679688e+01,0.000000000000000000e+00,0.000000000000000000e+00
3.028019189834594727e+00,2.431869506835937500e-05,1.529655891605834483e-01,-2.669895766302943230e-03,8.036975103565673351e-01,1.570841431617736816e+00,8.761882781982421875e-06,1.975830834697992070e-43,-4.986476851627230644e-04,-1.546422988176345825e-01,-2.436489239335060120e-02,0.000000000000000000e+00,0.000000000000000000e+00,1.281282282434403896e-03,1.263384073972702026e-01,-1.919657737016677856e-02,8.077006340026855469e-01,1.570795774459838867e+00,-4.492156691071613750e-08,9.942449396476149559e-04,-1.704776845872402191e-02,-1.506366282701492310e-01,-2.373850904405117035e-02,2.634895099618006498e-05,-5.700146061826671939e-07,0.000000000000000000e+00,6.737834930419921875e+00,9.587529182434082031e+00,1.535402536392211914e-01,0.000000000000000000e+00,0.000000000000000000e+00
3.078422784805297852e+00,3.444385583861730993e-05,1.519662576862792491e-01,-1.044276263564825058e-02,8.016165929981688976e-01,1.570763707160949707e+00,8.749961125431582332e-06,4.460905620362609625e-05,-3.656690567731857300e-02,-1.448427885770797729e-01,-6.203437969088554382e-02,0.000000000000000000e+00,0.000000000000000000e+00,1.289787935093045235e-03,1.262778490781784058e-01,-2.622996084392070770e-02,8.054673075675964355e-01,1.570795774459838867e+00,6.784298456352644280e-09,8.957943646237254143e-04,-4.986865818500518799e-02,-1.438515037298202515e-01,-5.665855109691619873e-02,2.631191455293446779e-05,4.904372872260864824e-06,0.000000000000000000e+00,-1.256120204925537109e+00,6.877596855163574219e+00,4.185470581054687500e+00,0.000000000000000000e+00,0.000000000000000000e+00
3.128865957260131836e+00,3.982639464084059000e-05,1.496813732334594249e-01,-1.719456166028976440e-02,7.978941637226562023e-01,1.570841431617736816e+00,1.658201426835148595e-06,4.412899058928497679e-40,-5.688462778925895691e-02,-1.265427023172378540e-01,-8.682693541049957275e-02,0.000000000000000000e+00,0.000000000000000000e+00,1.294091925956308842e-03,1.246036887168884277e-01,-3.254419192671775818e-02,8.018754124641418457e-01,1.570795774459838867e+00,4.468324377171484230e-09,7.956158951856195927e-04,-7.939771562814712524e-02,-1.252871304750442505e-01,-7.968549430370330811e-02,2.711844354053027928e-05,1.407144168297236320e-06,0.000000000000000000e+00,4.020933151245117188e+00,2.262578248977661133e+00,3.813270568847656250e+00,0.000000000000000000e+00,0.000000000000000000e+00
3.179271697998046875e+00,5.516351302503608167e-05,1.463437515446166515e-01,-2.299561537802219391e-02,7.931479650684813976e-01,1.570790886878967285e+00,-6.500874654591370927e-06,0.000000000000000000e+00,-7.359648495912551880e-02,-1.071075201034545898e-01,-9.542103856801986694e-02,0.000000000000000000e+00,0.000000000000000000e+00,1.293288427405059338e-03,1.217273473739624023e-01,-3.780652955174446106e-02,7.974455952644348145e-01,1.570795655250549316e+00,-8.085359581855300348e-08,6.864375318400561810e-04,-9.838212281465530396e-02,-1.028244495391845703e-01,-9.129405021667480469e-02,2.913517710112500936e-05,-5.819818582608604629e-08,0.000000000000000000e+00,4.485686302185058594e+00,4.209056496620178223e-01,5.449188232421875000e+00,0.000000000000000000e+00,0.000000000000000000e+00
3.229653596878051758e+00,3.982639464084059000e-05,1.423203188129882335e-01,-2.757977135479450226e-02,7.883567053028563976e-01,1.570826053619384766e+00,-2.175966371709137093e-05,0.000000000000000000e+00,-8.606036007404327393e-02,-8.031246811151504517e-02,-9.566102921962738037e-02,0.000000000000000000e+00,0.000000000000000000e+00,1.287883496843278408e-03,1.181738302111625671e-01,-4.193884506821632385e-02,7.927193641662597656e-01,1.570795655250549316e+00,-9.844300308259334997e-08,6.013234960846602917e-04,-1.077041029930114746e-01,-8.039076626300811768e-02,-9.446005523204803467e-02,3.114134960924275219e-05,9.379469929626793601e-07,0.000000000000000000e+00,3.209359884262084961e+00,-7.497835755348205566e-01,1.080986857414245605e+00,0.000000000000000000e+00,0.000000000000000000e+00
